picked_by,first_name,last_name,full_name,player_id,position,team,years_exp,rookie_year,rookie_deal,contract_length,sal_rank,ntc_elig,_2023_2024,_2024_2025,_2025_2026,contracts_needed,Y0,Y1,Y2,taxi
sammyboiie,Stefon,Diggs,Stefon Diggs,2449,WR,BUF,8,2015,,3,16,,$46,$56,$68,1,,,X,
sammyboiie,Cooper,Kupp,Cooper Kupp,4039,WR,LAR,6,2017,,2,37,,$22,$27,,1,,X,,
sammyboiie,Dameon,Pierce,Dameon Pierce,8129,RB,HOU,1,2022,,2,38,,$21,$29,,0,,,,
sammyboiie,Geno,Smith,Geno Smith,1373,QB,SEA,10,2013,,1,44,,$20,,,1,X,,,
sammyboiie,Cam,Akers,Cam Akers,6938,RB,LAR,3,2020,,1,52,,$15,,,0,,,,
sammyboiie,Kenny,Pickett,Kenny Pickett,8160,QB,PIT,1,2022,,2,62,,$14,$20,,0,,,,
sammyboiie,Ty,Chandler,Ty Chandler,8230,RB,MIN,1,2022,,1,71,,$10,,,1,X,,,
sammyboiie,Dalton,Kincaid,Dalton Kincaid,10236,TE,BUF,0,2023,Y,3,71,,$10,$14,$20,0,,,,
sammyboiie,Raheem,Mostert,Raheem Mostert,2749,RB,MIA,8,2015,,1,80,,$9,,,1,X,,,
sammyboiie,Rachaad,White,Rachaad White,8136,RB,TB,1,2022,,2,87,,$7,$10,,0,,,,
sammyboiie,Zamir,White,Zamir White,8139,RB,LV,1,2022,,2,87,,$7,$10,,0,,,,
sammyboiie,Brian,Robinson,Brian Robinson,8154,RB,WAS,1,2022,,2,87,,$7,$10,,0,,,,
sammyboiie,Jordan,Love,Jordan Love,6804,QB,GB,3,2020,,3,100,,$5,$6,$8,1,,,X,
sammyboiie,Jahan,Dotson,Jahan Dotson,8119,WR,WAS,1,2022,,2,100,,$5,$7,,0,,,,
sammyboiie,Tyjae,Spears,Tyjae Spears,9508,RB,TEN,0,2023,Y,3,100,,$5,$7,$10,0,,,,X
sammyboiie,Alexander,Mattison,Alexander Mattison,5987,RB,MIN,4,2019,,2,126,,$4,$5,,0,,,,
sammyboiie,Jaylen,Warren,Jaylen Warren,8228,RB,PIT,1,2022,,3,126,,$4,$5,$6,1,,,X,
sammyboiie,Romeo,Doubs,Romeo Doubs,8121,WR,GB,1,2022,,3,133,,$3,$4,$5,1,,,X,
sammyboiie,Michael,Mayer,Michael Mayer,9482,TE,LV,0,2023,Y,3,133,,$3,$4,$6,0,,,,X
sammyboiie,Michael,Wilson,Michael Wilson,10232,WR,ARI,0,2023,Y,3,133,,$3,$4,$6,0,,,,X
sammyboiie,Keaontay,Ingram,Keaontay Ingram,8221,RB,ARI,1,2022,,2,162,,$2,$3,,0,,,,
sammyboiie,Puka,Nacua,Puka Nacua,9493,WR,LAR,0,2023,Y,3,194,,$1,$1,$2,0,,,,
sammyboiie,Clayton,Tune,Clayton Tune,10217,QB,ARI,0,2023,Y,3,194,,$1,$1,$2,0,,,,
sammyboiie,Stetson,Bennett,Stetson Bennett,10857,QB,LAR,0,2023,Y,3,194,,$1,$1,$2,0,,,,X
Teamocil86,Justin,Herbert,Justin Herbert,6797,QB,LAC,3,2020,,1,9,Y,$60,,,1,X,,,
Teamocil86,Mark,Andrews,Mark Andrews,5012,TE,BAL,5,2018,,2,19,,$44,$53,.,0,,,,
Teamocil86,Deebo,Samuel,Deebo Samuel,5872,WR,SF,4,2019,,1,20,,$42,,.,0,,,,
Teamocil86,Lamar,Jackson,Lamar Jackson,4881,QB,BAL,5,2018,,3,23,,$39,$47,$57,1,,,X,
Teamocil86,Derek,Carr,Derek Carr,2028,QB,NO,9,2014,,1,29,,$32,,.,0,,,,
Teamocil86,Mike,Evans,Mike Evans,2216,WR,TB,9,2014,,2,45,,$18,$22,.,0,,,,
Teamocil86,Kenneth,Walker,Kenneth Walker,8151,RB,SEA,1,2022,,2,62,,$14,$20,.,0,,,,
Teamocil86,Kyle,Pitts,Kyle Pitts,7553,TE,ATL,2,2021,,2,80,,$9,$11,,1,,X,,
Teamocil86,Josh,Jacobs,Josh Jacobs,5850,RB,LV,4,2019,,1,84,,$8,,.,0,,,,
Teamocil86,Jerry,Jeudy,Jerry Jeudy,6783,WR,DEN,3,2020,,1,84,,$8,,.,0,,,,
Teamocil86,Isaiah,Spiller,Isaiah Spiller,8153,RB,LAC,1,2022,,2,87,,$7,$10,.,0,,,,
Teamocil86,Jalin,Hyatt,Jalin Hyatt,9497,WR,NYG,0,2023,Y,3,133,,$3,$4,$6,0,,,,X
Teamocil86,Marquez,Valdes-Scantling,Marquez Valdes-Scantling,5086,WR,KC,5,2018,,1,162,,$2,,.,0,,,,
Teamocil86,James,Robinson,James Robinson,6955,RB,,3,2020,,1,162,,$2,,.,0,,,,
Teamocil86,Matt,Corral,Matt Corral,8164,QB,NE,1,2022,,2,162,,$2,$3,.,0,,,,
Teamocil86,Cordarrelle,Patterson,Cordarrelle Patterson,1535,RB,ATL,10,2013,,1,194,,$1,,,1,X,,,
Teamocil86,Adam,Thielen,Adam Thielen,1689,WR,CAR,10,2013,,2,194,,$1,$2,,1,,X,,
Teamocil86,Odell,Beckham,Odell Beckham,2078,WR,BAL,9,2014,,1,194,,$1,,,1,X,,,
Teamocil86,Zay,Jones,Zay Jones,4080,WR,JAX,6,2017,,1,194,,$1,,,1,X,,,
Teamocil86,Mike,Gesicki,Mike Gesicki,4993,TE,NE,5,2018,,1,194,,$1,,,1,X,,,
Teamocil86,Chase,Edmonds,Chase Edmonds,5000,RB,TB,5,2018,,1,194,,$1,,,1,X,,,
Teamocil86,Hunter,Renfrow,Hunter Renfrow,5955,WR,LV,4,2019,,1,194,,$1,,,1,X,,,
Teamocil86,Donovan,Peoples-Jones,Donovan Peoples-Jones,6824,WR,CLE,3,2020,,1,194,,$1,,,1,X,,,
Teamocil86,Dorian,Thompson-Robinson,Dorian Thompson-Robinson,10862,QB,CLE,0,2023,Y,3,194,,$1,$1,$2,0,,,,X
hashbrown247,Joe,Mixon,Joe Mixon,4018,RB,CIN,6,2017,,1,7,,$62,,.,0,,,,
hashbrown247,Jalen,Hurts,Jalen Hurts,6904,QB,PHI,3,2020,,2,11,,$57,$68,.,0,,,,
hashbrown247,CeeDee,Lamb,CeeDee Lamb,6786,WR,DAL,3,2020,,3,22,,$40,$48,$58,1,,,X,
hashbrown247,Jonathan,Taylor,Jonathan Taylor,6813,RB,IND,3,2020,,3,32,,$28,$34,$41,1,,,X,
hashbrown247,J.K.,Dobbins,J.K. Dobbins,6806,RB,BAL,3,2020,,1,50,,$16,,.,0,,,,
hashbrown247,Terry,McLaurin,Terry McLaurin,5927,WR,WAS,4,2019,,1,52,,$15,,.,0,,,,
hashbrown247,Quentin,Johnston,Quentin Johnston,9754,WR,LAC,0,2023,Y,3,71,,$10,$14,$20,0,,,,
hashbrown247,Jordan,Addison,Jordan Addison,9756,WR,MIN,0,2023,Y,3,71,,$10,$14,$20,0,,,,
hashbrown247,C.J.,Stroud,C.J. Stroud,9758,QB,HOU,0,2023,Y,3,71,,$10,$14,$20,0,,,,
hashbrown247,George,Pickens,George Pickens,8137,WR,PIT,1,2022,,2,87,,$7,$10,.,0,,,,
hashbrown247,Roschon,Johnson,Roschon Johnson,10235,RB,CHI,0,2023,Y,3,100,,$5,$7,$10,0,,,,
hashbrown247,Sam,LaPorta,Sam LaPorta,10859,TE,DET,0,2023,Y,3,100,,$5,$7,$10,0,,,,
hashbrown247,Evan,Engram,Evan Engram,4066,TE,JAX,6,2017,,1,126,,$4,,,1,X,,,
hashbrown247,Damien,Harris,Damien Harris,5890,RB,BUF,4,2019,,1,126,,$4,,.,0,,,,
hashbrown247,Amari,Cooper,Amari Cooper,2309,WR,CLE,8,2015,,1,133,,$3,,.,0,,,,
hashbrown247,Brandon,Aiyuk,Brandon Aiyuk,6803,WR,SF,3,2020,,2,133,,$3,$4,.,0,,,,
hashbrown247,Antonio,Gibson,Antonio Gibson,6945,RB,WAS,3,2020,,2,133,,$3,$4,,1,,X,,
hashbrown247,Rashod,Bateman,Rashod Bateman,7571,WR,BAL,2,2021,,1,133,,$3,,.,0,,,,
hashbrown247,Jerick,McKinnon,Jerick McKinnon,2161,RB,KC,9,2014,,1,162,,$2,,,1,X,,,
hashbrown247,Elijah,Moore,Elijah Moore,7596,WR,CLE,2,2021,,1,162,,$2,,.,0,,,,
hashbrown247,Khalil,Herbert,Khalil Herbert,7608,RB,CHI,2,2021,,1,162,,$2,,.,0,,,,
hashbrown247,Taysom,Hill,Taysom Hill,4381,TE,NO,6,2017,,1,194,,$1,,,1,X,,,
hashbrown247,Mac,Jones,Mac Jones,7527,QB,NE,2,2021,,1,194,,$1,,,1,X,,,
hashbrown247,Justyn,Ross,Justyn Ross,8140,WR,KC,1,2022,,1,194,,$1,,,1,X,,,
toshil,Ja'Marr,Chase,Ja'Marr Chase,7564,WR,CIN,2,2021,,3,7,Y,$62,$62,$62,1,,,X,
toshil,D'Andre,Swift,D'Andre Swift,6790,RB,PHI,3,2020,,1,12,,$56,,,0,,,,
toshil,Austin,Ekeler,Austin Ekeler,4663,RB,LAC,6,2017,,2,14,,$52,$63,,1,,X,,
toshil,Breece,Hall,Breece Hall,8155,RB,NYJ,1,2022,,2,38,,$21,$29,,0,,,,
toshil,Najee,Harris,Najee Harris,7528,RB,PIT,2,2021,,1,49,,$17,,,1,X,,,
toshil,Jahmyr,Gibbs,Jahmyr Gibbs,9221,RB,DET,0,2023,Y,3,52,,$15,$21,$29,0,,,,
toshil,Nico,Collins,Nico Collins,7569,WR,HOU,2,2021,,3,69,,$11,$14,$17,1,,,X,
toshil,Zach,Charbonnet,Zach Charbonnet,9753,RB,SEA,0,2023,Y,3,71,,$10,$14,$20,0,,,,X
toshil,Gabe,Davis,Gabe Davis,6943,WR,BUF,3,2020,,2,80,,$9,$11,,0,,,,
toshil,Brock,Purdy,Brock Purdy,8183,QB,SF,1,2022,,2,84,,$8,$10,,1,,X,,
toshil,Kyler,Murray,Kyler Murray,5849,QB,ARI,4,2019,,3,87,,$7,$9,$11,1,,,X,
toshil,Kendre,Miller,Kendre Miller,9757,RB,NO,0,2023,Y,3,100,,$5,$7,$10,0,,,,X
toshil,Chase,Brown,Chase Brown,9224,RB,CIN,0,2023,Y,3,133,,$3,$4,$6,0,,,,X
toshil,Jayden,Reed,Jayden Reed,10222,WR,GB,0,2023,Y,3,133,,$3,$4,$6,0,,,,X
toshil,Tyler,Higbee,Tyler Higbee,3271,TE,LAR,7,2016,,1,162,,$2,,,1,X,,,
toshil,Hollywood,Brown,Hollywood Brown,5848,WR,ARI,4,2019,,2,162,,$2,$3,,1,,X,,
toshil,Juwan,Johnson,Juwan Johnson,7002,TE,NO,3,2020,,2,162,,$2,$3,,1,,X,,
toshil,Tyler,Badie,Tyler Badie,8208,RB,DEN,1,2022,,2,162,,$2,$3,,0,,,,
toshil,Ryan,Tannehill,Ryan Tannehill,1049,QB,TEN,11,2012,,1,194,,$1,,,1,X,,,
toshil,Hayden,Hurst,Hayden Hurst,4973,TE,CAR,5,2018,,2,194,,$1,$2,,1,,X,,
toshil,Allen,Lazard,Allen Lazard,5185,WR,NYJ,5,2018,,1,194,,$1,,,1,X,,,
toshil,Jeff,Wilson,Jeff Wilson,5284,RB,MIA,5,2018,,1,194,,$1,,,1,X,,,
toshil,Cole,Kmet,Cole Kmet,6826,TE,CHI,3,2020,,2,194,,$1,$2,,1,,X,,
toshil,Jake,Ferguson,Jake Ferguson,8110,TE,DAL,1,2022,,3,194,,$1,$2,$3,1,,,X,
patrickchan4687,A.J.,Brown,A.J. Brown,5859,WR,PHI,4,2019,,1,20,,$42,,.,1,X,,,
patrickchan4687,Nick,Chubb,Nick Chubb,4988,RB,CLE,5,2018,,2,23,,$39,$47,.,1,,X,,
patrickchan4687,Javonte,Williams,Javonte Williams,7588,RB,DEN,2,2021,,3,28,,$33,$40,$48,1,,,X,
patrickchan4687,David,Montgomery,David Montgomery,5892,RB,DET,4,2019,,1,35,,$23,,,1,X,,,
patrickchan4687,Jaylen,Waddle,Jaylen Waddle,7526,WR,MIA,2,2021,,1,38,,$21,,.,1,X,,,
patrickchan4687,Tua,Tagovailoa,Tua Tagovailoa,6768,QB,MIA,3,2020,,2,45,,$18,$22,.,1,,X,,
patrickchan4687,Alvin,Kamara,Alvin Kamara,4035,RB,NO,6,2017,,2,50,,$16,$20,,1,,X,,
patrickchan4687,T.J.,Hockenson,T.J. Hockenson,5844,TE,MIN,4,2019,,3,52,,$15,$18,$22,1,,,X,
patrickchan4687,Chris,Olave,Chris Olave,8144,WR,NO,1,2022,,2,62,,$14,$20,.,1,,X,,
patrickchan4687,Diontae,Johnson,Diontae Johnson,5937,WR,PIT,4,2019,,2,71,,$10,$12,.,1,,X,,
patrickchan4687,Kirk,Cousins,Kirk Cousins,1166,QB,MIN,11,2012,,2,80,,$9,$11,.,1,,X,,
patrickchan4687,Dawson,Knox,Dawson Knox,5906,TE,BUF,4,2019,,1,100,,$5,,.,1,X,,,
patrickchan4687,Tony,Pollard,Tony Pollard,5967,RB,DAL,4,2019,,2,100,,$5,$6,.,1,,X,,
patrickchan4687,Amon-Ra,St. Brown,Amon-Ra St. Brown,7547,WR,DET,2,2021,,2,100,,$5,$6,.,1,,X,,
patrickchan4687,Hassan,Haskins,Hassan Haskins,8123,RB,TEN,1,2022,,2,100,,$5,$7,.,1,,X,,
patrickchan4687,Wan'Dale,Robinson,Wan'Dale Robinson,8126,WR,NYG,1,2022,,2,100,,$5,$7,.,1,,X,,
patrickchan4687,Isaiah,Likely,Isaiah Likely,8131,TE,BAL,1,2022,,2,100,,$5,$7,.,1,,X,,
patrickchan4687,Tank,Bigsby,Tank Bigsby,9225,RB,JAX,0,2023,Y,3,100,,$5,$7,$10,1,,,X,X
patrickchan4687,Will,Levis,Will Levis,9999,QB,TEN,0,2023,Y,3,100,,$5,$7,$10,1,,,X,X
patrickchan4687,Christian,Kirk,Christian Kirk,4950,WR,JAX,5,2018,,1,133,,$3,,.,1,X,,,
patrickchan4687,Zach,Evans,Zach Evans,9222,RB,LAR,0,2023,Y,3,133,,$3,$4,$6,1,,,X,X
patrickchan4687,Rashee,Rice,Rashee Rice,10229,WR,KC,0,2023,Y,3,133,,$3,$4,$6,1,,,X,X
patrickchan4687,Sam,Howell,Sam Howell,8162,QB,WAS,1,2022,,2,162,,$2,$3,.,1,,X,,
patrickchan4687,Kayshon,Boutte,Kayshon Boutte,9504,WR,NE,0,2023,Y,3,194,,$1,$1,$2,1,,,X,
nbaguy8,Christian,McCaffrey,Christian McCaffrey,4034,RB,SF,6,2017,,1,12,,$56,,,0,,,,
nbaguy8,Tyreek,Hill,Tyreek Hill,3321,WR,MIA,7,2016,,1,16,,$46,,.,0,,,,
nbaguy8,Davante,Adams,Davante Adams,2133,WR,LV,9,2014,,1,27,,$34,,,0,,,,
nbaguy8,Darren,Waller,Darren Waller,2505,TE,NYG,8,2015,,1,35,,$23,,,0,,,,
nbaguy8,Bijan,Robinson,Bijan Robinson,9509,RB,ATL,0,2023,Y,3,52,,$15,$21,$29,0,,,,
nbaguy8,James,Cook,James Cook,8138,RB,BUF,1,2022,,2,62,,$14,$20,.,0,,,,
nbaguy8,Dak,Prescott,Dak Prescott,3294,QB,DAL,7,2016,,2,67,,$12,$15,,0,,,,
nbaguy8,Tee,Higgins,Tee Higgins,6801,WR,CIN,3,2020,,3,69,,$11,$14,$17,0,,,,
nbaguy8,James,Conner,James Conner,4137,RB,ARI,6,2017,,2,71,,$10,$12,.,0,,,,
nbaguy8,Garrett,Wilson,Garrett Wilson,8146,WR,NYJ,1,2022,,2,87,,$7,$10,.,0,,,,
nbaguy8,Jared,Goff,Jared Goff,3163,QB,DET,7,2016,,1,98,,$6,,,0,,,,
nbaguy8,DeAndre,Hopkins,DeAndre Hopkins,1426,WR,TEN,10,2013,,3,100,,$5,$6,$8,0,,,,
nbaguy8,Miles,Sanders,Miles Sanders,6151,RB,CAR,4,2019,,1,100,,$5,,,0,,,,
nbaguy8,Zay,Flowers,Zay Flowers,9997,WR,BAL,0,2023,Y,3,100,,$5,$7,$10,0,,,,X
nbaguy8,Tyler,Lockett,Tyler Lockett,2374,WR,SEA,8,2015,,1,133,,$3,,,0,,,,
nbaguy8,Jamaal,Williams,Jamaal Williams,4149,RB,NO,6,2017,,1,133,,$3,,,0,,,,
nbaguy8,Calvin,Ridley,Calvin Ridley,4981,WR,JAX,5,2018,,2,133,,$3,$4,.,0,,,,
nbaguy8,Rashaad,Penny,Rashaad Penny,4985,RB,PHI,5,2018,,2,133,,$3,$4,,0,,,,
nbaguy8,Tank,Dell,Tank Dell,9502,WR,HOU,0,2023,Y,3,133,,$3,$4,$6,0,,,,X
nbaguy8,Jimmy,Garoppolo,Jimmy Garoppolo,1837,QB,LV,9,2014,,1,162,,$2,,,0,,,,
nbaguy8,Mike,Williams,Mike Williams,4068,WR,LAC,6,2017,,3,162,,$2,$3,$4,0,,,,
nbaguy8,Gus,Edwards,Gus Edwards,5248,RB,BAL,5,2018,,1,162,,$2,,.,0,,,,
nbaguy8,Jakobi,Meyers,Jakobi Meyers,5947,WR,LV,4,2019,,1,162,,$2,,.,0,,,,
nbaguy8,Sean,Tucker,Sean Tucker,9506,RB,TB,0,2023,Y,3,194,,$1,$1,$2,0,,,,X
jdigi15,Dalvin,Cook,Dalvin Cook,4029,RB,NYJ,6,2017,,1,4,,$68,,.,0,,,,
jdigi15,Joe,Burrow,Joe Burrow,6770,QB,CIN,3,2020,,2,9,,$60,$72,.,0,,,,
jdigi15,Michael,Pittman,Michael Pittman,6819,WR,IND,3,2020,,2,26,,$35,$42,.,0,,,,
jdigi15,Deshaun,Watson,Deshaun Watson,4017,QB,CLE,6,2017,,1,33,,$24,,.,0,,,,
jdigi15,DJ,Moore,DJ Moore,4983,WR,CHI,5,2018,,1,33,,$24,,.,0,,,,
jdigi15,George,Kittle,George Kittle,4217,TE,SF,6,2017,,2,45,,$18,$22,.,0,,,,
jdigi15,Trevor,Lawrence,Trevor Lawrence,7523,QB,JAX,2,2021,,2,45,,$18,$22,.,0,,,,
jdigi15,Jaxon,Smith-Njigba,Jaxon Smith-Njigba,9488,WR,SEA,0,2023,Y,3,52,,$15,$21,$29,0,,,,X
jdigi15,AJ,Dillon,AJ Dillon,6828,RB,GB,3,2020,,2,71,,$10,$12,.,0,,,,
jdigi15,De'Von,Achane,De'Von Achane,9226,RB,MIA,0,2023,Y,3,100,,$5,$7,$10,0,,,,X
jdigi15,Darnell,Mooney,Darnell Mooney,7090,WR,CHI,3,2020,,2,126,,$4,$5,.,0,,,,
jdigi15,Dalton,Schultz,Dalton Schultz,5001,TE,HOU,5,2018,,1,133,,$3,,,1,X,,,
jdigi15,Kadarius,Toney,Kadarius Toney,7606,WR,KC,2,2021,,2,133,,$3,$4,,1,,X,,
jdigi15,Michael,Gallup,Michael Gallup,5038,WR,DAL,5,2018,,1,162,,$2,,.,0,,,,
jdigi15,Greg,Dulcich,Greg Dulcich,8172,TE,DEN,1,2022,,2,162,,$2,$3,.,0,,,,X
jdigi15,Robert,Woods,Robert Woods,1352,WR,HOU,10,2013,,1,194,,$1,,,1,X,,,
jdigi15,Tyler,Boyd,Tyler Boyd,3225,WR,CIN,7,2016,,1,194,,$1,,,1,X,,,
jdigi15,Curtis,Samuel,Curtis Samuel,4082,WR,WAS,6,2017,,1,194,,$1,,,1,X,,,
jdigi15,Irv,Smith,Irv Smith,6126,TE,CIN,4,2019,,1,194,,$1,,,1,X,,,
jdigi15,Devin,Singletary,Devin Singletary,6130,RB,HOU,4,2019,,1,194,,$1,,,1,X,,,
jdigi15,Zack,Moss,Zack Moss,6845,RB,IND,3,2020,,1,194,,$1,,,1,X,,,
jdigi15,Isaiah,Hodgins,Isaiah Hodgins,6920,WR,NYG,3,2020,,1,194,,$1,,,1,X,,,
jdigi15,Kyren,Williams,Kyren Williams,8150,RB,LAR,1,2022,,1,194,,$1,,,1,X,,,
jdigi15,Malik,Davis,Malik Davis,8800,RB,DAL,1,2022,,1,194,,$1,,,0,,,,
gnawhnehpets,Marvin,Mims,Marvin Mims,9494,WR,DEN,0,2023,Y,3,100,,$5,$7,$10,0,,,,X
antonius405,Patrick,Mahomes,Patrick Mahomes,4046,QB,KC,6,2017,,1,1,,$84,,.,0,,,,
antonius405,Travis,Kelce,Travis Kelce,1466,TE,KC,10,2013,,1,5,,$66,,.,0,,,,
antonius405,Keenan,Allen,Keenan Allen,1479,WR,LAC,10,2013,,1,31,,$30,,.,0,,,,
antonius405,Treylon,Burks,Treylon Burks,8135,WR,TEN,1,2022,,2,38,,$21,$29,.,0,,,,
antonius405,Elijah,Mitchell,Elijah Mitchell,7561,RB,SF,2,2021,,1,52,,$15,,.,0,,,,
antonius405,Van,Jefferson,Van Jefferson,6853,WR,LAR,3,2020,,1,87,,$7,,,1,X,,,
antonius405,Tyler,Allgeier,Tyler Allgeier,8132,RB,ATL,1,2022,,2,87,,$7,$10,.,0,,,,
antonius405,Christian,Watson,Christian Watson,8167,WR,GB,1,2022,,2,100,,$5,$7,.,0,,,,
antonius405,David,Njoku,David Njoku,4033,TE,CLE,6,2017,,2,126,,$4,$5,,1,,X,,
antonius405,Aaron,Rodgers,Aaron Rodgers,96,QB,NYJ,18,2005,,1,133,,$3,,,1,X,,,
antonius405,Chris,Godwin,Chris Godwin,4037,WR,TB,6,2017,,2,133,,$3,$4,.,0,,,,
antonius405,Baker,Mayfield,Baker Mayfield,4892,QB,TB,5,2018,,1,133,,$3,,,1,X,,,
antonius405,Josh,Downs,Josh Downs,9500,WR,IND,0,2023,Y,3,133,,$3,$4,$6,0,,,,X
antonius405,Matthew,Stafford,Matthew Stafford,421,QB,LAR,14,2009,,1,162,,$2,,,1,X,,,
antonius405,Leonard,Fournette,Leonard Fournette,3969,RB,,6,2017,,1,162,,$2,,,1,X,,,
antonius405,JuJu,Smith-Schuster,JuJu Smith-Schuster,4040,WR,NE,6,2017,,2,162,,$2,$3,,1,,X,,
antonius405,Samaje,Perine,Samaje Perine,4147,RB,DEN,6,2017,,1,162,,$2,,,1,X,,,
antonius405,Clyde,Edwards-Helaire,Clyde Edwards-Helaire,6820,RB,KC,3,2020,,1,162,,$2,,,1,X,,,
antonius405,Deon,Jackson,Deon Jackson,7551,RB,IND,2,2021,,1,162,,$2,,,1,X,,,
antonius405,Trey,McBride,Trey McBride,8130,TE,ARI,1,2022,,2,162,,$2,$3,.,0,,,,
antonius405,Chigoziem,Okonkwo,Chigoziem Okonkwo,8210,TE,TEN,1,2022,,2,162,,$2,$3,.,1,,X,,
antonius405,D'Onta,Foreman,D'Onta Foreman,4111,RB,CHI,6,2017,,1,194,,$1,,,1,X,,,
antonius405,Joshua,Kelley,Joshua Kelley,7045,RB,LAC,3,2020,,1,194,,$1,,,1,X,,,
antonius405,Israel,Abanikanda,Israel Abanikanda,9227,RB,NYJ,0,2023,Y,3,194,,$1,$1,$2,0,,,,X
PersianEmpire99,Josh,Allen,Josh Allen,4984,QB,BUF,5,2018,,2,2,,$83,$100,.,0,,,,
PersianEmpire99,Justin,Fields,Justin Fields,7591,QB,CHI,2,2021,,1,18,,$45,,.,0,,,,
PersianEmpire99,Travis,Etienne,Travis Etienne,7543,RB,JAX,2,2021,,2,25,,$36,$43,.,0,,,,
PersianEmpire99,Aaron,Jones,Aaron Jones,4199,RB,GB,6,2017,,1,29,,$32,,.,0,,,,
PersianEmpire99,Isiah,Pacheco,Isiah Pacheco,8205,RB,KC,1,2022,,2,38,,$21,$29,.,0,,,,
PersianEmpire99,DK,Metcalf,DK Metcalf,5846,WR,SEA,4,2019,,2,52,,$15,$18,.,0,,,,
PersianEmpire99,Jameson,Williams,Jameson Williams,8148,WR,DET,1,2022,,2,62,,$14,$20,.,0,,,,
PersianEmpire99,Skyy,Moore,Skyy Moore,8168,WR,KC,1,2022,,2,87,,$7,$10,.,0,,,,
PersianEmpire99,Rhamondre,Stevenson,Rhamondre Stevenson,7611,RB,NE,2,2021,,2,98,,$6,$7,.,0,,,,
PersianEmpire99,Courtland,Sutton,Courtland Sutton,5045,WR,DEN,5,2018,,2,100,,$5,$6,.,0,,,,
PersianEmpire99,Velus,Jones,Velus Jones,8223,WR,CHI,1,2022,,2,100,,$5,$7,.,0,,,,
PersianEmpire99,Dallas,Goedert,Dallas Goedert,5022,TE,PHI,5,2018,,1,126,,$4,,.,0,,,,
PersianEmpire99,John,Metchie,John Metchie,8147,WR,HOU,1,2022,,1,133,,$3,,,1,X,,,
PersianEmpire99,Luke,Musgrave,Luke Musgrave,9481,TE,GB,0,2023,Y,3,133,,$3,$4,$6,0,,,,
PersianEmpire99,David,Bell,David Bell,8118,WR,CLE,1,2022,,2,162,,$2,$3,.,0,,,,
PersianEmpire99,Latavius,Murray,Latavius Murray,1476,RB,BUF,10,2013,,1,194,,$1,,,1,X,,,
PersianEmpire99,Brandin,Cooks,Brandin Cooks,2197,WR,DAL,9,2014,,1,194,,$1,,,1,X,,,
PersianEmpire99,Kareem,Hunt,Kareem Hunt,4098,RB,,6,2017,,1,194,,$1,,,1,X,,,
PersianEmpire99,DJ,Chark,DJ Chark,4951,WR,CAR,5,2018,,1,194,,$1,,,1,X,,,
PersianEmpire99,Parris,Campbell,Parris Campbell,5880,WR,NYG,4,2019,,1,194,,$1,,,1,X,,,
PersianEmpire99,Rondale,Moore,Rondale Moore,7601,WR,ARI,2,2021,,1,194,,$1,,,1,X,,,
PersianEmpire99,Trey,Lance,Trey Lance,7610,QB,DAL,2,2021,,1,194,,$1,,,1,X,,,
PersianEmpire99,Rashid,Shaheed,Rashid Shaheed,8676,WR,NO,1,2022,,1,194,,$1,,,1,X,,,
PersianEmpire99,Luke,Schoonmaker,Luke Schoonmaker,10871,TE,DAL,0,2023,Y,3,194,,$1,$1,$2,0,,,,
gnawhnehpets,Justin,Jefferson,Justin Jefferson,6794,WR,MIN,3,2020,,1,3,Y,$72,,,1,X,,,
gnawhnehpets,Derrick,Henry,Derrick Henry,3198,RB,TEN,7,2016,,1,6,,$64,,.,0,,,,
gnawhnehpets,Saquon,Barkley,Saquon Barkley,4866,RB,NYG,5,2018,,1,15,,$47,,.,0,,,,
gnawhnehpets,Drake,London,Drake London,8112,WR,ATL,1,2022,,2,38,,$21,$29,.,0,,,,
gnawhnehpets,Bryce,Young,Bryce Young,9228,QB,CAR,0,2023,Y,3,52,,$15,$21,$29,0,,,,X
gnawhnehpets,Anthony,Richardson,Anthony Richardson,9229,QB,IND,0,2023,Y,3,52,,$15,$21,$29,0,,,,X
gnawhnehpets,Daniel,Jones,Daniel Jones,5870,QB,NYG,4,2019,,2,67,,$12,$15,,1,,X,,
gnawhnehpets,Desmond,Ridder,Desmond Ridder,8159,QB,ATL,1,2022,,2,87,,$7,$10,.,0,,,,
gnawhnehpets,Russell,Wilson,Russell Wilson,1234,QB,DEN,11,2012,,1,100,,$5,,,1,X,,,
gnawhnehpets,Pat,Freiermuth,Pat Freiermuth,7600,TE,PIT,2,2021,,3,100,,$5,$6,$8,1,,,X,
gnawhnehpets,Alec,Pierce,Alec Pierce,8142,WR,IND,1,2022,,2,100,,$5,$7,.,0,,,,
gnawhnehpets,Jonathan,Mingo,Jonathan Mingo,10225,WR,CAR,0,2023,Y,3,100,,$5,$7,$10,0,,,,X
gnawhnehpets,Ezekiel,Elliott,Ezekiel Elliott,3164,RB,NE,7,2016,,2,133,,$3,$4,,1,,X,,
gnawhnehpets,DeVonta,Smith,DeVonta Smith,7525,WR,PHI,2,2021,,2,133,,$3,$4,.,0,,,,
gnawhnehpets,Kenneth,Gainwell,Kenneth Gainwell,7567,RB,PHI,2,2021,,2,133,,$3,$4,.,0,,,,
gnawhnehpets,Gerald,Everett,Gerald Everett,4089,TE,LAC,6,2017,,1,162,,$2,,.,0,,,,
gnawhnehpets,K.J.,Osborn,K.J. Osborn,7066,WR,MIN,3,2020,,2,162,,$2,$2,.,0,,,,
gnawhnehpets,Chuba,Hubbard,Chuba Hubbard,7594,RB,CAR,2,2021,,1,162,,$2,,,1,X,,,
gnawhnehpets,Jerome,Ford,Jerome Ford,8143,RB,CLE,1,2022,,2,162,,$2,$3,.,1,X,,,
gnawhnehpets,Jelani,Woods,Jelani Woods,8219,TE,IND,1,2022,,2,162,,$2,$3,.,0,,,,
gnawhnehpets,Michael,Thomas,Michael Thomas,3199,WR,NO,7,2016,,2,194,,$1,$2,,1,,X,,
gnawhnehpets,Evan,Hull,Evan Hull,9220,RB,IND,0,2023,Y,3,194,,$1,$1,$2,0,,,,X
gnawhnehpets,Aidan,O'Connell,Aidan O'Connell,10866,QB,LV,0,2023,Y,3,194,,$1,$1,$2,0,,,,